Luuk,13;
Luuk,4;
Luuk,3;
Luuk,13;
Luuk,2;
Luuk,1;
Luuk,2;
Luuk,2;
Luuk,0;
Luuk,0;
Luuk,0;
Luuk,0;
Luuk,0;
Luuk,0;
Luuk,0;
Luuk,0;
Luuk,0;
Luuk,0;
Luuk,0;
Luuk,0;
Luuk,0;
Luuk,0;
Luuk,0;
Luuk,0;
Luuk,0;
Luuk,0;
Luuk,0;
Luuk,0;
Luuk,0;
Luuk,0;
Luuk,0;
Luuk,0;
Luuk,0;
Luuk,0;
Luuk,0;
Luuk,0;
Luuk,0;
Luuk,0;
Luuk,0;
Luuk,11;
Luuk,35;
Luuk,12;
Luuk,24;
Luuk,7;
Luuk,14;
Luuk,37;
Luuk,3;
Luuk,4;
Luuk,107;
Luuk,4;
Luuk,2;
Luuk,13;
Luuk,359;
Luuk,18;
Luuk,3;
Luuk,1;
Luuk,0;
Luuk,0;
Luuk,0;
Luuk,0;
Luuk,0;
Luuk,0;
Luuk,0;
Luuk,0;
Luuk,0;
Luuk,13;
Luuk,1;
Luuk,1;
Luuk,0;
Luuk,0;
Luuk,231;
